{"1": {"time_stamp": "20240918_15_08_10.480001", "fps": 151.6990291262136, "frame_number": 1, "time_stamp_w_offset": 6.77127530503185, "pylon_time_stamp": 1913601407211}, "2": {"time_stamp": "20240918_15_08_10.513759", "fps": 151.6990291262136, "frame_number": 2, "time_stamp_w_offset": 6.787944565031921, "pylon_time_stamp": 1913618076471}, "3": {"time_stamp": "20240918_15_08_10.567381", "fps": 151.6990291262136, "frame_number": 3, "time_stamp_w_offset": 6.804613852031707, "pylon_time_stamp": 1913634745758}, "4": {"time_stamp": "20240918_15_08_10.611975", "fps": 151.6990291262136, "frame_number": 4, "time_stamp_w_offset": 6.821283112031779, "pylon_time_stamp": 1913651415018}, "5": {"time_stamp": "20240918_15_08_10.663000", "fps": 151.6990291262136, "frame_number": 5, "time_stamp_w_offset": 6.83795237203185, "pylon_time_stamp": 1913668084278}, "6": {"time_stamp": "20240918_15_08_10.701414", "fps": 151.6990291262136, "frame_number": 6, "time_stamp_w_offset": 6.854621659031864, "pylon_time_stamp": 1913684753565}, "7": {"time_stamp": "20240918_15_08_10.720774", "fps": 151.6990291262136, "frame_number": 7, "time_stamp_w_offset": 6.871290919031708, "pylon_time_stamp": 1913701422825}, "8": {"time_stamp": "20240918_15_08_10.771634", "fps": 151.6990291262136, "frame_number": 8, "time_stamp_w_offset": 6.887960179031779, "pylon_time_stamp": 1913718092085}, "9": {"time_stamp": "20240918_15_08_10.817810", "fps": 151.6990291262136, "frame_number": 9, "time_stamp_w_offset": 6.904629439031851, "pylon_time_stamp": 1913734761345}, "10": {"time_stamp": "20240918_15_08_10.868594", "fps": 151.6990291262136, "frame_number": 10, "time_stamp_w_offset": 6.921298726031864, "pylon_time_stamp": 1913751430632}, "11": {"time_stamp": "20240918_15_08_10.895235", "fps": 151.6990291262136, "frame_number": 11, "time_stamp_w_offset": 6.937967986031708, "pylon_time_stamp": 1913768099892}, "12": {"time_stamp": "20240918_15_08_10.925418", "fps": 151.6990291262136, "frame_number": 12, "time_stamp_w_offset": 6.95463724603178, "pylon_time_stamp": 1913784769152}, "13": {"time_stamp": "20240918_15_08_10.966528", "fps": 151.6990291262136, "frame_number": 13, "time_stamp_w_offset": 6.971306533031793, "pylon_time_stamp": 1913801438439}, "14": {"time_stamp": "20240918_15_08_11.008707", "fps": 151.6990291262136, "frame_number": 14, "time_stamp_w_offset": 6.987975793031865, "pylon_time_stamp": 1913818107699}, "15": {"time_stamp": "20240918_15_08_11.042842", "fps": 151.6990291262136, "frame_number": 15, "time_stamp_w_offset": 7.004645053031709, "pylon_time_stamp": 1913834776959}, "16": {"time_stamp": "20240918_15_08_11.090300", "fps": 151.6990291262136, "frame_number": 16, "time_stamp_w_offset": 7.02131431303178, "pylon_time_stamp": 1913851446219}, "17": {"time_stamp": "20240918_15_08_11.134323", "fps": 151.6990291262136, "frame_number": 17, "time_stamp_w_offset": 7.037983600031794, "pylon_time_stamp": 1913868115506}, "18": {"time_stamp": "20240918_15_08_11.165690", "fps": 151.6990291262136, "frame_number": 18, "time_stamp_w_offset": 7.054652860031865, "pylon_time_stamp": 1913884784766}, "19": {"time_stamp": "20240918_15_08_11.218484", "fps": 151.6990291262136, "frame_number": 19, "time_stamp_w_offset": 7.071322120031709, "pylon_time_stamp": 1913901454026}, "20": {"time_stamp": "20240918_15_08_11.274501", "fps": 151.6990291262136, "frame_number": 20, "time_stamp_w_offset": 7.087991380031781, "pylon_time_stamp": 1913918123286}, "21": {"time_stamp": "20240918_15_08_11.304592", "fps": 151.6990291262136, "frame_number": 21, "time_stamp_w_offset": 7.104660667031794, "pylon_time_stamp": 1913934792573}, "22": {"time_stamp": "20240918_15_08_11.332992", "fps": 151.6990291262136, "frame_number": 22, "time_stamp_w_offset": 7.121329927031866, "pylon_time_stamp": 1913951461833}, "23": {"time_stamp": "20240918_15_08_11.380471", "fps": 151.6990291262136, "frame_number": 23, "time_stamp_w_offset": 7.13799918703171, "pylon_time_stamp": 1913968131093}, "24": {"time_stamp": "20240918_15_08_11.426946", "fps": 151.6990291262136, "frame_number": 24, "time_stamp_w_offset": 7.154668474031723, "pylon_time_stamp": 1913984800380}, "25": {"time_stamp": "20240918_15_08_11.473410", "fps": 151.6990291262136, "frame_number": 25, "time_stamp_w_offset": 7.171337734031795, "pylon_time_stamp": 1914001469640}, "26": {"time_stamp": "20240918_15_08_11.525844", "fps": 151.6990291262136, "frame_number": 26, "time_stamp_w_offset": 7.188006994031866, "pylon_time_stamp": 1914018138900}, "27": {"time_stamp": "20240918_15_08_11.563468", "fps": 151.6990291262136, "frame_number": 27, "time_stamp_w_offset": 7.20467625403171, "pylon_time_stamp": 1914034808160}, "28": {"time_stamp": "20240918_15_08_11.614414", "fps": 151.6990291262136, "frame_number": 28, "time_stamp_w_offset": 7.221345514031782, "pylon_time_stamp": 1914051477420}, "29": {"time_stamp": "20240918_15_08_11.651260", "fps": 151.6990291262136, "frame_number": 29, "time_stamp_w_offset": 7.238014801031795, "pylon_time_stamp": 1914068146707}, "30": {"time_stamp": "20240918_15_08_11.670429", "fps": 151.6990291262136, "frame_number": 30, "time_stamp_w_offset": 7.254684061031867, "pylon_time_stamp": 1914084815967}, "31": {"time_stamp": "20240918_15_08_11.720085", "fps": 151.6990291262136, "frame_number": 31, "time_stamp_w_offset": 7.27135334803188, "pylon_time_stamp": 1914101485254}, "32": {"time_stamp": "20240918_15_08_11.765520", "fps": 151.6990291262136, "frame_number": 32, "time_stamp_w_offset": 7.288022608031724, "pylon_time_stamp": 1914118154514}, "33": {"time_stamp": "20240918_15_08_11.787643", "fps": 151.6990291262136, "frame_number": 33, "time_stamp_w_offset": 7.304691868031796, "pylon_time_stamp": 1914134823774}, "34": {"time_stamp": "20240918_15_08_11.836380", "fps": 151.6990291262136, "frame_number": 34, "time_stamp_w_offset": 7.321361128031867, "pylon_time_stamp": 1914151493034}, "35": {"time_stamp": "20240918_15_08_11.875569", "fps": 151.6990291262136, "frame_number": 35, "time_stamp_w_offset": 7.338030415031881, "pylon_time_stamp": 1914168162321}, "36": {"time_stamp": "20240918_15_08_11.906762", "fps": 151.6990291262136, "frame_number": 36, "time_stamp_w_offset": 7.354699675031725, "pylon_time_stamp": 1914184831581}, "37": {"time_stamp": "20240918_15_08_11.951686", "fps": 151.6990291262136, "frame_number": 37, "time_stamp_w_offset": 7.371368962031738, "pylon_time_stamp": 1914201500868}, "38": {"time_stamp": "20240918_15_08_12.004123", "fps": 151.6990291262136, "frame_number": 38, "time_stamp_w_offset": 7.38803822203181, "pylon_time_stamp": 1914218170128}, "39": {"time_stamp": "20240918_15_08_12.046413", "fps": 151.6990291262136, "frame_number": 39, "time_stamp_w_offset": 7.404707482031881, "pylon_time_stamp": 1914234839388}, "40": {"time_stamp": "20240918_15_08_12.071310", "fps": 151.6990291262136, "frame_number": 40, "time_stamp_w_offset": 7.421376742031725, "pylon_time_stamp": 1914251508648}, "41": {"time_stamp": "20240918_15_08_12.116589", "fps": 151.6990291262136, "frame_number": 41, "time_stamp_w_offset": 7.438046029031739, "pylon_time_stamp": 1914268177935}, "42": {"time_stamp": "20240918_15_08_12.138095", "fps": 151.6990291262136, "frame_number": 42, "time_stamp_w_offset": 7.45471528903181, "pylon_time_stamp": 1914284847195}, "43": {"time_stamp": "20240918_15_08_12.171778", "fps": 151.6990291262136, "frame_number": 43, "time_stamp_w_offset": 7.471384549031882, "pylon_time_stamp": 1914301516455}, "44": {"time_stamp": "20240918_15_08_12.217596", "fps": 151.6990291262136, "frame_number": 44, "time_stamp_w_offset": 7.488053809031726, "pylon_time_stamp": 1914318185715}, "45": {"time_stamp": "20240918_15_08_12.260814", "fps": 151.6990291262136, "frame_number": 45, "time_stamp_w_offset": 7.504723096031739, "pylon_time_stamp": 1914334855002}, "46": {"time_stamp": "20240918_15_08_12.289879", "fps": 151.6990291262136, "frame_number": 46, "time_stamp_w_offset": 7.521392356031811, "pylon_time_stamp": 1914351524262}, "47": {"time_stamp": "20240918_15_08_12.333136",